{"cameraMode":{"drawMode":0,"name":"Shaded","section":"Shading Mode"},"sceneLighting":true,"audioPlay":false,"sceneViewState":{"showFog":true,"showMaterialUpdate":false,"showSkybox":true,"showFlares":true,"showImageEffects":true,"showParticleSystems":true},"in2DMode":false,"pivot":{"x":-1808.9466552734375,"y":-42.25664520263672,"z":-94.86366271972656},"rotation":{"x":0.01988416723906994,"y":-0.9754016399383545,"z":0.19600756466388703,"w":0.09895758330821991},"size":65.02738189697266,"orthographic":false}